YEAR,CPI
2012,100
2013,101.62664
2014,103.44671
2015,106.3175
2016,107.34542
2017,108.26706
2018,109.46998
2019,111.56063
2020,115.05
